"filename", "language", "LaTeX", "C++", "TeX", "HTML", "JavaScript", "CSS", "comment", "blank", "total"
"/home/alberic/Documents/Cours/ramio_project/html/Animation_8cpp.html", "HTML", 0, 0, 0, 88, 0, 0, 5, 3, 96
"/home/alberic/Documents/Cours/ramio_project/html/Animation_8h.html", "HTML", 0, 0, 0, 2, 0, 0, 0, 0, 2
"/home/alberic/Documents/Cours/ramio_project/html/Animation_8h_source.html", "HTML", 0, 0, 0, 5, 0, 0, 0, 0, 5
"/home/alberic/Documents/Cours/ramio_project/html/Audio_8cpp.html", "HTML", 0, 0, 0, 128, 0, 0, 5, 11, 144
"/home/alberic/Documents/Cours/ramio_project/html/Audio_8cpp_source.html", "HTML", 0, 0, 0, 215, 0, 0, 5, 3, 223
"/home/alberic/Documents/Cours/ramio_project/html/Audio_8h.html", "HTML", 0, 0, 0, 107, 0, 0, 5, 3, 115
"/home/alberic/Documents/Cours/ramio_project/html/Audio_8h_source.html", "HTML", 0, 0, 0, 143, 0, 0, 5, 3, 151
"/home/alberic/Documents/Cours/ramio_project/html/Bloc_8cpp.html", "HTML", 0, 0, 0, 105, 0, 0, 5, 3, 113
"/home/alberic/Documents/Cours/ramio_project/html/Bloc_8cpp_source.html", "HTML", 0, 0, 0, 265, 0, 0, 5, 3, 273
"/home/alberic/Documents/Cours/ramio_project/html/Bloc_8h.html", "HTML", 0, 0, 0, 2, 0, 0, 0, 0, 2
"/home/alberic/Documents/Cours/ramio_project/html/Bloc_8h_source.html", "HTML", 0, 0, 0, 246, 0, 0, 5, 3, 254
"/home/alberic/Documents/Cours/ramio_project/html/Ennemi_8cpp.html", "HTML", 0, 0, 0, 100, 0, 0, 5, 3, 108
"/home/alberic/Documents/Cours/ramio_project/html/Ennemi_8cpp_source.html", "HTML", 0, 0, 0, 208, 0, 0, 5, 3, 216
"/home/alberic/Documents/Cours/ramio_project/html/Ennemi_8h_source.html", "HTML", 0, 0, 0, 134, 0, 0, 5, 3, 142
"/home/alberic/Documents/Cours/ramio_project/html/Entity_8cpp.html", "HTML", 0, 0, 0, 89, 0, 0, 5, 3, 97
"/home/alberic/Documents/Cours/ramio_project/html/Entity_8cpp_source.html", "HTML", 0, 0, 0, 159, 0, 0, 5, 3, 167
"/home/alberic/Documents/Cours/ramio_project/html/Entity_8h_source.html", "HTML", 0, 0, 0, 180, 0, 0, 5, 3, 188
"/home/alberic/Documents/Cours/ramio_project/html/FinJeu_8cpp.html", "HTML", 0, 0, 0, 89, 0, 0, 5, 3, 97
"/home/alberic/Documents/Cours/ramio_project/html/FinJeu_8cpp_source.html", "HTML", 0, 0, 0, 201, 0, 0, 5, 3, 209
"/home/alberic/Documents/Cours/ramio_project/html/FinJeu_8h.html", "HTML", 0, 0, 0, 105, 0, 0, 5, 3, 113
"/home/alberic/Documents/Cours/ramio_project/html/FinJeu_8h_source.html", "HTML", 0, 0, 0, 137, 0, 0, 5, 3, 145
"/home/alberic/Documents/Cours/ramio_project/html/Level_8cpp.html", "HTML", 0, 0, 0, 132, 0, 0, 5, 7, 144
"/home/alberic/Documents/Cours/ramio_project/html/Level_8cpp_source.html", "HTML", 0, 0, 0, 553, 0, 0, 5, 3, 561
"/home/alberic/Documents/Cours/ramio_project/html/Level_8h_source.html", "HTML", 0, 0, 0, 206, 0, 0, 5, 3, 214
"/home/alberic/Documents/Cours/ramio_project/html/Menu_8cpp.html", "HTML", 0, 0, 0, 92, 0, 0, 5, 3, 100
"/home/alberic/Documents/Cours/ramio_project/html/Menu_8cpp_source.html", "HTML", 0, 0, 0, 330, 0, 0, 5, 3, 338
"/home/alberic/Documents/Cours/ramio_project/html/Menu_8h.html", "HTML", 0, 0, 0, 153, 0, 0, 5, 6, 164
"/home/alberic/Documents/Cours/ramio_project/html/Menu_8h_source.html", "HTML", 0, 0, 0, 177, 0, 0, 5, 3, 185
"/home/alberic/Documents/Cours/ramio_project/html/Player_8cpp.html", "HTML", 0, 0, 0, 128, 0, 0, 5, 7, 140
"/home/alberic/Documents/Cours/ramio_project/html/Player_8cpp_source.html", "HTML", 0, 0, 0, 494, 0, 0, 5, 3, 502
"/home/alberic/Documents/Cours/ramio_project/html/Player_8h_source.html", "HTML", 0, 0, 0, 22, 0, 0, 0, 0, 22
"/home/alberic/Documents/Cours/ramio_project/html/annotated.html", "HTML", 0, 0, 0, 92, 0, 0, 5, 3, 100
"/home/alberic/Documents/Cours/ramio_project/html/classAnimation-members.html", "HTML", 0, 0, 0, 1, 0, 0, 0, 0, 1
"/home/alberic/Documents/Cours/ramio_project/html/classAnimation.html", "HTML", 0, 0, 0, 26, 0, 0, 0, 3, 29
"/home/alberic/Documents/Cours/ramio_project/html/classAudioManager-members.html", "HTML", 0, 0, 0, 93, 0, 0, 5, 4, 102
"/home/alberic/Documents/Cours/ramio_project/html/classAudioManager.html", "HTML", 0, 0, 0, 26, 0, 0, 0, 3, 29
"/home/alberic/Documents/Cours/ramio_project/html/classBloc-members.html", "HTML", 0, 0, 0, 82, 0, 0, 5, 4, 91
"/home/alberic/Documents/Cours/ramio_project/html/classBloc.html", "HTML", 0, 0, 0, -16, 0, 0, 0, -1, -17
"/home/alberic/Documents/Cours/ramio_project/html/classBlocMystere-members.html", "HTML", 0, 0, 0, 97, 0, 0, 5, 4, 106
"/home/alberic/Documents/Cours/ramio_project/html/classBlocMystere.html", "HTML", 0, 0, 0, 24, 0, 0, 0, 3, 27
"/home/alberic/Documents/Cours/ramio_project/html/classBlocSol-members.html", "HTML", 0, 0, 0, 84, 0, 0, 5, 4, 93
"/home/alberic/Documents/Cours/ramio_project/html/classBlocSol.html", "HTML", 0, 0, 0, 24, 0, 0, 0, 3, 27
"/home/alberic/Documents/Cours/ramio_project/html/classDrapeau-members.html", "HTML", 0, 0, 0, 82, 0, 0, 5, 4, 91
"/home/alberic/Documents/Cours/ramio_project/html/classEau-members.html", "HTML", 0, 0, 0, 86, 0, 0, 5, 4, 95
"/home/alberic/Documents/Cours/ramio_project/html/classEau.html", "HTML", 0, 0, 0, 274, 0, 0, 5, 23, 302
"/home/alberic/Documents/Cours/ramio_project/html/classEnnemi-members.html", "HTML", 0, 0, 0, 96, 0, 0, 5, 4, 105
"/home/alberic/Documents/Cours/ramio_project/html/classEnnemi.html", "HTML", 0, 0, 0, 26, 0, 0, 0, 3, 29
"/home/alberic/Documents/Cours/ramio_project/html/classEntity-members.html", "HTML", 0, 0, 0, 80, 0, 0, 5, 4, 89
"/home/alberic/Documents/Cours/ramio_project/html/classFinDeJeu-members.html", "HTML", 0, 0, 0, 89, 0, 0, 5, 4, 98
"/home/alberic/Documents/Cours/ramio_project/html/classGuili-members.html", "HTML", 0, 0, 0, 119, 0, 0, 5, 4, 128
"/home/alberic/Documents/Cours/ramio_project/html/classGuili.html", "HTML", 0, 0, 0, 478, 0, 0, 5, 30, 513
"/home/alberic/Documents/Cours/ramio_project/html/classLevel-members.html", "HTML", 0, 0, 0, 106, 0, 0, 5, 4, 115
"/home/alberic/Documents/Cours/ramio_project/html/classLevel.html", "HTML", 0, 0, 0, 55, 0, 0, 0, 5, 60
"/home/alberic/Documents/Cours/ramio_project/html/classMenu-members.html", "HTML", 0, 0, 0, 91, 0, 0, 5, 4, 100
"/home/alberic/Documents/Cours/ramio_project/html/classMenu.html", "HTML", 0, 0, 0, 26, 0, 0, 0, 3, 29
"/home/alberic/Documents/Cours/ramio_project/html/classObjetInteractif-members.html", "HTML", 0, 0, 0, 81, 0, 0, 5, 4, 90
"/home/alberic/Documents/Cours/ramio_project/html/classPiece-members.html", "HTML", 0, 0, 0, 92, 0, 0, 5, 4, 101
"/home/alberic/Documents/Cours/ramio_project/html/classPlayer-members.html", "HTML", 0, 0, 0, 113, 0, 0, 5, 4, 122
"/home/alberic/Documents/Cours/ramio_project/html/classPlayer.html", "HTML", 0, 0, 0, 119, 0, 0, 0, 15, 134
"/home/alberic/Documents/Cours/ramio_project/html/classRamio-members.html", "HTML", 0, 0, 0, 115, 0, 0, 5, 4, 124
"/home/alberic/Documents/Cours/ramio_project/html/classRamio.html", "HTML", 0, 0, 0, 315, 0, 0, 5, 16, 336
"/home/alberic/Documents/Cours/ramio_project/html/classTuyau-members.html", "HTML", 0, 0, 0, 89, 0, 0, 5, 4, 98
"/home/alberic/Documents/Cours/ramio_project/html/classTuyau.html", "HTML", 0, 0, 0, 24, 0, 0, 0, 3, 27
"/home/alberic/Documents/Cours/ramio_project/html/classes.html", "HTML", 0, 0, 0, 128, 0, 0, 5, 3, 136
"/home/alberic/Documents/Cours/ramio_project/html/dir_d44c64559bbebec7f509842c48db8b23.html", "HTML", 0, 0, 0, 95, 0, 0, 5, 3, 103
"/home/alberic/Documents/Cours/ramio_project/html/doxygen.css", "CSS", 0, 0, 0, 0, 0, 1406, 84, 282, 1772
"/home/alberic/Documents/Cours/ramio_project/html/dynsections.js", "JavaScript", 0, 0, 0, 0, 86, 0, 31, 11, 128
"/home/alberic/Documents/Cours/ramio_project/html/functions.html", "HTML", 0, 0, 0, 123, 0, 0, 5, 4, 132
"/home/alberic/Documents/Cours/ramio_project/html/functions_b.html", "HTML", 0, 0, 0, 117, 0, 0, 5, 4, 126
"/home/alberic/Documents/Cours/ramio_project/html/functions_c.html", "HTML", 0, 0, 0, 104, 0, 0, 5, 4, 113
"/home/alberic/Documents/Cours/ramio_project/html/functions_d.html", "HTML", 0, 0, 0, 85, 0, 0, 5, 4, 94
"/home/alberic/Documents/Cours/ramio_project/html/functions_e.html", "HTML", 0, 0, 0, 89, 0, 0, 5, 4, 98
"/home/alberic/Documents/Cours/ramio_project/html/functions_enum.html", "HTML", 0, 0, 0, 70, 0, 0, 5, 3, 78
"/home/alberic/Documents/Cours/ramio_project/html/functions_f.html", "HTML", 0, 0, 0, 84, 0, 0, 5, 4, 93
"/home/alberic/Documents/Cours/ramio_project/html/functions_func.html", "HTML", 0, 0, 0, 42, 0, 0, 0, 0, 42
"/home/alberic/Documents/Cours/ramio_project/html/functions_g.html", "HTML", 0, 0, 0, 141, 0, 0, 5, 4, 150
"/home/alberic/Documents/Cours/ramio_project/html/functions_h.html", "HTML", 0, 0, 0, 81, 0, 0, 5, 4, 90
"/home/alberic/Documents/Cours/ramio_project/html/functions_i.html", "HTML", 0, 0, 0, 108, 0, 0, 5, 4, 117
"/home/alberic/Documents/Cours/ramio_project/html/functions_j.html", "HTML", 0, 0, 0, 77, 0, 0, 5, 4, 86
"/home/alberic/Documents/Cours/ramio_project/html/functions_l.html", "HTML", 0, 0, 0, 80, 0, 0, 5, 4, 89
"/home/alberic/Documents/Cours/ramio_project/html/functions_m.html", "HTML", 0, 0, 0, 89, 0, 0, 5, 4, 98
"/home/alberic/Documents/Cours/ramio_project/html/functions_n.html", "HTML", 0, 0, 0, 71, 0, 0, 5, 4, 80
"/home/alberic/Documents/Cours/ramio_project/html/functions_o.html", "HTML", 0, 0, 0, 87, 0, 0, 5, 4, 96
"/home/alberic/Documents/Cours/ramio_project/html/functions_p.html", "HTML", 0, 0, 0, 101, 0, 0, 5, 4, 110
"/home/alberic/Documents/Cours/ramio_project/html/functions_r.html", "HTML", 0, 0, 0, 83, 0, 0, 5, 4, 92
"/home/alberic/Documents/Cours/ramio_project/html/functions_s.html", "HTML", 0, 0, 0, 6, 0, 0, 0, 0, 6
"/home/alberic/Documents/Cours/ramio_project/html/functions_t.html", "HTML", 0, 0, 0, 3, 0, 0, 0, 0, 3
"/home/alberic/Documents/Cours/ramio_project/html/functions_u.html", "HTML", 0, 0, 0, 82, 0, 0, 5, 4, 91
"/home/alberic/Documents/Cours/ramio_project/html/functions_v.html", "HTML", 0, 0, 0, 75, 0, 0, 5, 4, 84
"/home/alberic/Documents/Cours/ramio_project/html/functions_vars.html", "HTML", 0, 0, 0, 429, 0, 0, 5, 44, 478
"/home/alberic/Documents/Cours/ramio_project/html/functions_w.html", "HTML", 0, 0, 0, 74, 0, 0, 5, 4, 83
"/home/alberic/Documents/Cours/ramio_project/html/functions_y.html", "HTML", 0, 0, 0, 74, 0, 0, 5, 4, 83
"/home/alberic/Documents/Cours/ramio_project/html/functions_~.html", "HTML", 0, 0, 0, 107, 0, 0, 5, 4, 116
"/home/alberic/Documents/Cours/ramio_project/html/globals.html", "HTML", 0, 0, 0, 93, 0, 0, 5, 3, 101
"/home/alberic/Documents/Cours/ramio_project/html/globals_defs.html", "HTML", 0, 0, 0, 70, 0, 0, 5, 3, 78
"/home/alberic/Documents/Cours/ramio_project/html/globals_enum.html", "HTML", 0, 0, 0, 76, 0, 0, 5, 3, 84
"/home/alberic/Documents/Cours/ramio_project/html/globals_func.html", "HTML", 0, 0, 0, 73, 0, 0, 5, 3, 81
"/home/alberic/Documents/Cours/ramio_project/html/globals_vars.html", "HTML", 0, 0, 0, 75, 0, 0, 5, 3, 83
"/home/alberic/Documents/Cours/ramio_project/html/graph_legend.html", "HTML", 0, 0, 0, 129, 0, 0, 5, 3, 137
"/home/alberic/Documents/Cours/ramio_project/html/hierarchy.html", "HTML", 0, 0, 0, 94, 0, 0, 5, 3, 102
"/home/alberic/Documents/Cours/ramio_project/html/index.html", "HTML", 0, 0, 0, 69, 0, 0, 5, 3, 77
"/home/alberic/Documents/Cours/ramio_project/html/inherits.html", "HTML", 0, 0, 0, 124, 0, 0, 5, 3, 132
"/home/alberic/Documents/Cours/ramio_project/html/jquery.js", "JavaScript", 0, 0, 0, 0, 7, 0, 27, 1, 35
"/home/alberic/Documents/Cours/ramio_project/html/main_8cpp_source.html", "HTML", 0, 0, 0, 336, 0, 0, 5, 3, 344
"/home/alberic/Documents/Cours/ramio_project/html/menu.js", "JavaScript", 0, 0, 0, 0, 25, 0, 24, 2, 51
"/home/alberic/Documents/Cours/ramio_project/html/menudata.js", "JavaScript", 0, 0, 0, 0, 82, 0, 22, 1, 105
"/home/alberic/Documents/Cours/ramio_project/html/search/all_0.html", "HTML", 0, 0, 0, 21, 0, 0, 9, 1, 31
"/home/alberic/Documents/Cours/ramio_project/html/search/all_0.js", "JavaScript", 0, 0, 0, 0, 24, 0, 0, 1, 25
"/home/alberic/Documents/Cours/ramio_project/html/search/all_1.html", "HTML", 0, 0, 0, 21, 0, 0, 9, 1, 31
"/home/alberic/Documents/Cours/ramio_project/html/search/all_1.js", "JavaScript", 0, 0, 0, 0, 23, 0, 0, 1, 24
"/home/alberic/Documents/Cours/ramio_project/html/search/all_10.html", "HTML", 0, 0, 0, 21, 0, 0, 9, 1, 31
"/home/alberic/Documents/Cours/ramio_project/html/search/all_10.js", "JavaScript", 0, 0, 0, 0, 2, 0, 0, 0, 2
"/home/alberic/Documents/Cours/ramio_project/html/search/all_11.html", "HTML", 0, 0, 0, 21, 0, 0, 9, 1, 31
"/home/alberic/Documents/Cours/ramio_project/html/search/all_11.js", "JavaScript", 0, 0, 0, 0, 1, 0, 0, 0, 1
"/home/alberic/Documents/Cours/ramio_project/html/search/all_12.html", "HTML", 0, 0, 0, 21, 0, 0, 9, 1, 31
"/home/alberic/Documents/Cours/ramio_project/html/search/all_13.html", "HTML", 0, 0, 0, 21, 0, 0, 9, 1, 31
"/home/alberic/Documents/Cours/ramio_project/html/search/all_14.html", "HTML", 0, 0, 0, 21, 0, 0, 9, 1, 31
"/home/alberic/Documents/Cours/ramio_project/html/search/all_15.html", "HTML", 0, 0, 0, 21, 0, 0, 9, 1, 31
"/home/alberic/Documents/Cours/ramio_project/html/search/all_16.html", "HTML", 0, 0, 0, 21, 0, 0, 9, 1, 31
"/home/alberic/Documents/Cours/ramio_project/html/search/all_16.js", "JavaScript", 0, 0, 0, 0, 10, 0, 0, 0, 10
"/home/alberic/Documents/Cours/ramio_project/html/search/all_2.html", "HTML", 0, 0, 0, 21, 0, 0, 9, 1, 31
"/home/alberic/Documents/Cours/ramio_project/html/search/all_2.js", "JavaScript", 0, 0, 0, 0, 16, 0, 0, 1, 17
"/home/alberic/Documents/Cours/ramio_project/html/search/all_3.html", "HTML", 0, 0, 0, 21, 0, 0, 9, 1, 31
"/home/alberic/Documents/Cours/ramio_project/html/search/all_3.js", "JavaScript", 0, 0, 0, 0, 5, 0, 0, 1, 6
"/home/alberic/Documents/Cours/ramio_project/html/search/all_4.html", "HTML", 0, 0, 0, 21, 0, 0, 9, 1, 31
"/home/alberic/Documents/Cours/ramio_project/html/search/all_4.js", "JavaScript", 0, 0, 0, 0, 15, 0, 0, 1, 16
"/home/alberic/Documents/Cours/ramio_project/html/search/all_5.html", "HTML", 0, 0, 0, 21, 0, 0, 9, 1, 31
"/home/alberic/Documents/Cours/ramio_project/html/search/all_5.js", "JavaScript", 0, 0, 0, 0, 11, 0, 0, 1, 12
"/home/alberic/Documents/Cours/ramio_project/html/search/all_6.html", "HTML", 0, 0, 0, 21, 0, 0, 9, 1, 31
"/home/alberic/Documents/Cours/ramio_project/html/search/all_6.js", "JavaScript", 0, 0, 0, 0, 29, 0, 0, 1, 30
"/home/alberic/Documents/Cours/ramio_project/html/search/all_7.html", "HTML", 0, 0, 0, 21, 0, 0, 9, 1, 31
"/home/alberic/Documents/Cours/ramio_project/html/search/all_7.js", "JavaScript", 0, 0, 0, 0, 6, 0, 0, 1, 7
"/home/alberic/Documents/Cours/ramio_project/html/search/all_8.html", "HTML", 0, 0, 0, 21, 0, 0, 9, 1, 31
"/home/alberic/Documents/Cours/ramio_project/html/search/all_8.js", "JavaScript", 0, 0, 0, 0, 16, 0, 0, 1, 17
"/home/alberic/Documents/Cours/ramio_project/html/search/all_9.html", "HTML", 0, 0, 0, 21, 0, 0, 9, 1, 31
"/home/alberic/Documents/Cours/ramio_project/html/search/all_9.js", "JavaScript", 0, 0, 0, 0, 6, 0, 0, 1, 7
"/home/alberic/Documents/Cours/ramio_project/html/search/all_a.html", "HTML", 0, 0, 0, 21, 0, 0, 9, 1, 31
"/home/alberic/Documents/Cours/ramio_project/html/search/all_a.js", "JavaScript", 0, 0, 0, 0, -1, 0, 0, 0, -1
"/home/alberic/Documents/Cours/ramio_project/html/search/all_b.html", "HTML", 0, 0, 0, 21, 0, 0, 9, 1, 31
"/home/alberic/Documents/Cours/ramio_project/html/search/all_b.js", "JavaScript", 0, 0, 0, 0, -1, 0, 0, 0, -1
"/home/alberic/Documents/Cours/ramio_project/html/search/all_c.html", "HTML", 0, 0, 0, 21, 0, 0, 9, 1, 31
"/home/alberic/Documents/Cours/ramio_project/html/search/all_d.html", "HTML", 0, 0, 0, 21, 0, 0, 9, 1, 31
"/home/alberic/Documents/Cours/ramio_project/html/search/all_e.html", "HTML", 0, 0, 0, 21, 0, 0, 9, 1, 31
"/home/alberic/Documents/Cours/ramio_project/html/search/all_f.html", "HTML", 0, 0, 0, 21, 0, 0, 9, 1, 31
"/home/alberic/Documents/Cours/ramio_project/html/search/all_f.js", "JavaScript", 0, 0, 0, 0, 1, 0, 0, 0, 1
"/home/alberic/Documents/Cours/ramio_project/html/search/classes_0.html", "HTML", 0, 0, 0, 21, 0, 0, 9, 1, 31
"/home/alberic/Documents/Cours/ramio_project/html/search/classes_1.html", "HTML", 0, 0, 0, 21, 0, 0, 9, 1, 31
"/home/alberic/Documents/Cours/ramio_project/html/search/classes_2.html", "HTML", 0, 0, 0, 21, 0, 0, 9, 1, 31
"/home/alberic/Documents/Cours/ramio_project/html/search/classes_3.html", "HTML", 0, 0, 0, 21, 0, 0, 9, 1, 31
"/home/alberic/Documents/Cours/ramio_project/html/search/classes_3.js", "JavaScript", 0, 0, 0, 0, 1, 0, 0, 0, 1
"/home/alberic/Documents/Cours/ramio_project/html/search/classes_4.html", "HTML", 0, 0, 0, 21, 0, 0, 9, 1, 31
"/home/alberic/Documents/Cours/ramio_project/html/search/classes_5.html", "HTML", 0, 0, 0, 21, 0, 0, 9, 1, 31
"/home/alberic/Documents/Cours/ramio_project/html/search/classes_5.js", "JavaScript", 0, 0, 0, 0, -1, 0, 0, 0, -1
"/home/alberic/Documents/Cours/ramio_project/html/search/classes_6.html", "HTML", 0, 0, 0, 21, 0, 0, 9, 1, 31
"/home/alberic/Documents/Cours/ramio_project/html/search/classes_6.js", "JavaScript", 0, 0, 0, 0, -2, 0, 0, 0, -2
"/home/alberic/Documents/Cours/ramio_project/html/search/classes_7.html", "HTML", 0, 0, 0, 21, 0, 0, 9, 1, 31
"/home/alberic/Documents/Cours/ramio_project/html/search/classes_7.js", "JavaScript", 0, 0, 0, 0, 1, 0, 0, 0, 1
"/home/alberic/Documents/Cours/ramio_project/html/search/classes_8.html", "HTML", 0, 0, 0, 21, 0, 0, 9, 1, 31
"/home/alberic/Documents/Cours/ramio_project/html/search/classes_8.js", "JavaScript", 0, 0, 0, 0, -1, 0, 0, 0, -1
"/home/alberic/Documents/Cours/ramio_project/html/search/classes_9.html", "HTML", 0, 0, 0, 21, 0, 0, 9, 1, 31
"/home/alberic/Documents/Cours/ramio_project/html/search/classes_9.js", "JavaScript", 0, 0, 0, 0, 1, 0, 0, 0, 1
"/home/alberic/Documents/Cours/ramio_project/html/search/classes_a.html", "HTML", 0, 0, 0, 21, 0, 0, 9, 1, 31
"/home/alberic/Documents/Cours/ramio_project/html/search/classes_a.js", "JavaScript", 0, 0, 0, 0, 4, 0, 0, 1, 5
"/home/alberic/Documents/Cours/ramio_project/html/search/classes_b.html", "HTML", 0, 0, 0, 21, 0, 0, 9, 1, 31
"/home/alberic/Documents/Cours/ramio_project/html/search/classes_b.js", "JavaScript", 0, 0, 0, 0, 4, 0, 0, 1, 5
"/home/alberic/Documents/Cours/ramio_project/html/search/defines_0.html", "HTML", 0, 0, 0, 21, 0, 0, 9, 1, 31
"/home/alberic/Documents/Cours/ramio_project/html/search/enums_0.html", "HTML", 0, 0, 0, 21, 0, 0, 9, 1, 31
"/home/alberic/Documents/Cours/ramio_project/html/search/enums_1.html", "HTML", 0, 0, 0, 21, 0, 0, 9, 1, 31
"/home/alberic/Documents/Cours/ramio_project/html/search/enums_2.html", "HTML", 0, 0, 0, 21, 0, 0, 9, 1, 31
"/home/alberic/Documents/Cours/ramio_project/html/search/enums_3.html", "HTML", 0, 0, 0, 21, 0, 0, 9, 1, 31
"/home/alberic/Documents/Cours/ramio_project/html/search/enumvalues_0.html", "HTML", 0, 0, 0, 21, 0, 0, 9, 1, 31
"/home/alberic/Documents/Cours/ramio_project/html/search/enumvalues_1.html", "HTML", 0, 0, 0, 21, 0, 0, 9, 1, 31
"/home/alberic/Documents/Cours/ramio_project/html/search/enumvalues_2.html", "HTML", 0, 0, 0, 21, 0, 0, 9, 1, 31
"/home/alberic/Documents/Cours/ramio_project/html/search/enumvalues_3.html", "HTML", 0, 0, 0, 21, 0, 0, 9, 1, 31
"/home/alberic/Documents/Cours/ramio_project/html/search/enumvalues_4.html", "HTML", 0, 0, 0, 21, 0, 0, 9, 1, 31
"/home/alberic/Documents/Cours/ramio_project/html/search/enumvalues_5.html", "HTML", 0, 0, 0, 21, 0, 0, 9, 1, 31
"/home/alberic/Documents/Cours/ramio_project/html/search/enumvalues_6.html", "HTML", 0, 0, 0, 21, 0, 0, 9, 1, 31
"/home/alberic/Documents/Cours/ramio_project/html/search/enumvalues_7.html", "HTML", 0, 0, 0, 21, 0, 0, 9, 1, 31
"/home/alberic/Documents/Cours/ramio_project/html/search/files_0.html", "HTML", 0, 0, 0, 21, 0, 0, 9, 1, 31
"/home/alberic/Documents/Cours/ramio_project/html/search/files_1.html", "HTML", 0, 0, 0, 21, 0, 0, 9, 1, 31
"/home/alberic/Documents/Cours/ramio_project/html/search/files_2.html", "HTML", 0, 0, 0, 21, 0, 0, 9, 1, 31
"/home/alberic/Documents/Cours/ramio_project/html/search/files_3.html", "HTML", 0, 0, 0, 21, 0, 0, 9, 1, 31
"/home/alberic/Documents/Cours/ramio_project/html/search/files_4.html", "HTML", 0, 0, 0, 21, 0, 0, 9, 1, 31
"/home/alberic/Documents/Cours/ramio_project/html/search/files_5.html", "HTML", 0, 0, 0, 21, 0, 0, 9, 1, 31
"/home/alberic/Documents/Cours/ramio_project/html/search/files_6.html", "HTML", 0, 0, 0, 21, 0, 0, 9, 1, 31
"/home/alberic/Documents/Cours/ramio_project/html/search/files_7.html", "HTML", 0, 0, 0, 21, 0, 0, 9, 1, 31
"/home/alberic/Documents/Cours/ramio_project/html/search/functions_0.html", "HTML", 0, 0, 0, 21, 0, 0, 9, 1, 31
"/home/alberic/Documents/Cours/ramio_project/html/search/functions_1.html", "HTML", 0, 0, 0, 21, 0, 0, 9, 1, 31
"/home/alberic/Documents/Cours/ramio_project/html/search/functions_10.html", "HTML", 0, 0, 0, 21, 0, 0, 9, 1, 31
"/home/alberic/Documents/Cours/ramio_project/html/search/functions_11.html", "HTML", 0, 0, 0, 21, 0, 0, 9, 1, 31
"/home/alberic/Documents/Cours/ramio_project/html/search/functions_12.html", "HTML", 0, 0, 0, 21, 0, 0, 9, 1, 31
"/home/alberic/Documents/Cours/ramio_project/html/search/functions_12.js", "JavaScript", 0, 0, 0, 0, 10, 0, 0, 0, 10
"/home/alberic/Documents/Cours/ramio_project/html/search/functions_2.html", "HTML", 0, 0, 0, 21, 0, 0, 9, 1, 31
"/home/alberic/Documents/Cours/ramio_project/html/search/functions_3.html", "HTML", 0, 0, 0, 21, 0, 0, 9, 1, 31
"/home/alberic/Documents/Cours/ramio_project/html/search/functions_4.html", "HTML", 0, 0, 0, 21, 0, 0, 9, 1, 31
"/home/alberic/Documents/Cours/ramio_project/html/search/functions_4.js", "JavaScript", 0, 0, 0, 0, 1, 0, 0, 0, 1
"/home/alberic/Documents/Cours/ramio_project/html/search/functions_5.html", "HTML", 0, 0, 0, 21, 0, 0, 9, 1, 31
"/home/alberic/Documents/Cours/ramio_project/html/search/functions_6.html", "HTML", 0, 0, 0, 21, 0, 0, 9, 1, 31
"/home/alberic/Documents/Cours/ramio_project/html/search/functions_6.js", "JavaScript", 0, 0, 0, 0, 2, 0, 0, 0, 2
"/home/alberic/Documents/Cours/ramio_project/html/search/functions_7.html", "HTML", 0, 0, 0, 21, 0, 0, 9, 1, 31
"/home/alberic/Documents/Cours/ramio_project/html/search/functions_8.html", "HTML", 0, 0, 0, 21, 0, 0, 9, 1, 31
"/home/alberic/Documents/Cours/ramio_project/html/search/functions_8.js", "JavaScript", 0, 0, 0, 0, 1, 0, 0, 0, 1
"/home/alberic/Documents/Cours/ramio_project/html/search/functions_9.html", "HTML", 0, 0, 0, 21, 0, 0, 9, 1, 31
"/home/alberic/Documents/Cours/ramio_project/html/search/functions_a.html", "HTML", 0, 0, 0, 21, 0, 0, 9, 1, 31
"/home/alberic/Documents/Cours/ramio_project/html/search/functions_a.js", "JavaScript", 0, 0, 0, 0, -1, 0, 0, 0, -1
"/home/alberic/Documents/Cours/ramio_project/html/search/functions_b.html", "HTML", 0, 0, 0, 21, 0, 0, 9, 1, 31
"/home/alberic/Documents/Cours/ramio_project/html/search/functions_b.js", "JavaScript", 0, 0, 0, 0, -1, 0, 0, 0, -1
"/home/alberic/Documents/Cours/ramio_project/html/search/functions_c.html", "HTML", 0, 0, 0, 21, 0, 0, 9, 1, 31
"/home/alberic/Documents/Cours/ramio_project/html/search/functions_d.html", "HTML", 0, 0, 0, 21, 0, 0, 9, 1, 31
"/home/alberic/Documents/Cours/ramio_project/html/search/functions_e.html", "HTML", 0, 0, 0, 21, 0, 0, 9, 1, 31
"/home/alberic/Documents/Cours/ramio_project/html/search/functions_e.js", "JavaScript", 0, 0, 0, 0, 1, 0, 0, 0, 1
"/home/alberic/Documents/Cours/ramio_project/html/search/functions_f.html", "HTML", 0, 0, 0, 21, 0, 0, 9, 1, 31
"/home/alberic/Documents/Cours/ramio_project/html/search/nomatches.html", "HTML", 0, 0, 0, 12, 0, 0, 0, 1, 13
"/home/alberic/Documents/Cours/ramio_project/html/search/search.css", "CSS", 0, 0, 0, 0, 0, 220, 5, 47, 272
"/home/alberic/Documents/Cours/ramio_project/html/search/search.js", "JavaScript", 0, 0, 0, 0, 688, 0, 60, 67, 815
"/home/alberic/Documents/Cours/ramio_project/html/search/searchdata.js", "JavaScript", 0, 0, 0, 0, 33, 0, 0, 4, 37
"/home/alberic/Documents/Cours/ramio_project/html/search/variables_0.html", "HTML", 0, 0, 0, 21, 0, 0, 9, 1, 31
"/home/alberic/Documents/Cours/ramio_project/html/search/variables_1.html", "HTML", 0, 0, 0, 21, 0, 0, 9, 1, 31
"/home/alberic/Documents/Cours/ramio_project/html/search/variables_10.html", "HTML", 0, 0, 0, 21, 0, 0, 9, 1, 31
"/home/alberic/Documents/Cours/ramio_project/html/search/variables_10.js", "JavaScript", 0, 0, 0, 0, 19, 0, 0, 0, 19
"/home/alberic/Documents/Cours/ramio_project/html/search/variables_11.html", "HTML", 0, 0, 0, 21, 0, 0, 9, 1, 31
"/home/alberic/Documents/Cours/ramio_project/html/search/variables_11.js", "JavaScript", 0, 0, 0, 0, -1, 0, 0, 0, -1
"/home/alberic/Documents/Cours/ramio_project/html/search/variables_12.html", "HTML", 0, 0, 0, 21, 0, 0, 9, 1, 31
"/home/alberic/Documents/Cours/ramio_project/html/search/variables_13.html", "HTML", 0, 0, 0, 21, 0, 0, 9, 1, 31
"/home/alberic/Documents/Cours/ramio_project/html/search/variables_14.html", "HTML", 0, 0, 0, 21, 0, 0, 9, 1, 31
"/home/alberic/Documents/Cours/ramio_project/html/search/variables_14.js", "JavaScript", 0, 0, 0, 0, 5, 0, 0, 1, 6
"/home/alberic/Documents/Cours/ramio_project/html/search/variables_2.html", "HTML", 0, 0, 0, 21, 0, 0, 9, 1, 31
"/home/alberic/Documents/Cours/ramio_project/html/search/variables_3.html", "HTML", 0, 0, 0, 21, 0, 0, 9, 1, 31
"/home/alberic/Documents/Cours/ramio_project/html/search/variables_4.html", "HTML", 0, 0, 0, 21, 0, 0, 9, 1, 31
"/home/alberic/Documents/Cours/ramio_project/html/search/variables_5.html", "HTML", 0, 0, 0, 21, 0, 0, 9, 1, 31
"/home/alberic/Documents/Cours/ramio_project/html/search/variables_6.html", "HTML", 0, 0, 0, 21, 0, 0, 9, 1, 31
"/home/alberic/Documents/Cours/ramio_project/html/search/variables_7.html", "HTML", 0, 0, 0, 21, 0, 0, 9, 1, 31
"/home/alberic/Documents/Cours/ramio_project/html/search/variables_7.js", "JavaScript", 0, 0, 0, 0, 1, 0, 0, 0, 1
"/home/alberic/Documents/Cours/ramio_project/html/search/variables_8.html", "HTML", 0, 0, 0, 21, 0, 0, 9, 1, 31
"/home/alberic/Documents/Cours/ramio_project/html/search/variables_8.js", "JavaScript", 0, 0, 0, 0, 1, 0, 0, 0, 1
"/home/alberic/Documents/Cours/ramio_project/html/search/variables_9.html", "HTML", 0, 0, 0, 21, 0, 0, 9, 1, 31
"/home/alberic/Documents/Cours/ramio_project/html/search/variables_a.html", "HTML", 0, 0, 0, 21, 0, 0, 9, 1, 31
"/home/alberic/Documents/Cours/ramio_project/html/search/variables_a.js", "JavaScript", 0, 0, 0, 0, -1, 0, 0, 0, -1
"/home/alberic/Documents/Cours/ramio_project/html/search/variables_b.html", "HTML", 0, 0, 0, 21, 0, 0, 9, 1, 31
"/home/alberic/Documents/Cours/ramio_project/html/search/variables_c.html", "HTML", 0, 0, 0, 21, 0, 0, 9, 1, 31
"/home/alberic/Documents/Cours/ramio_project/html/search/variables_d.html", "HTML", 0, 0, 0, 21, 0, 0, 9, 1, 31
"/home/alberic/Documents/Cours/ramio_project/html/search/variables_e.html", "HTML", 0, 0, 0, 21, 0, 0, 9, 1, 31
"/home/alberic/Documents/Cours/ramio_project/html/search/variables_e.js", "JavaScript", 0, 0, 0, 0, -6, 0, 0, 0, -6
"/home/alberic/Documents/Cours/ramio_project/html/search/variables_f.html", "HTML", 0, 0, 0, 21, 0, 0, 9, 1, 31
"/home/alberic/Documents/Cours/ramio_project/html/search/variables_f.js", "JavaScript", 0, 0, 0, 0, -10, 0, 0, 0, -10
"/home/alberic/Documents/Cours/ramio_project/html/structMenu_1_1MenuOption-members.html", "HTML", 0, 0, 0, 77, 0, 0, 5, 4, 86
"/home/alberic/Documents/Cours/ramio_project/html/tabs.css", "CSS", 0, 0, 0, 0, 0, 1, 0, 1, 2
"/home/alberic/Documents/Cours/ramio_project/html/tests_8cpp.html", "HTML", 0, 0, 0, 1, 0, 0, 0, 0, 1
"/home/alberic/Documents/Cours/ramio_project/include/Bloc.h", "C++", 0, 9, 0, 0, 0, 0, -1, 3, 11
"/home/alberic/Documents/Cours/ramio_project/include/Level.h", "C++", 0, 2, 0, 0, 0, 0, 0, 1, 3
"/home/alberic/Documents/Cours/ramio_project/include/Player.h", "C++", 0, 4, 0, 0, 0, 0, 0, 0, 4
"/home/alberic/Documents/Cours/ramio_project/latex/Animation_8cpp.tex", "LaTeX", 1, 0, 0, 0, 0, 0, 0, 0, 1
"/home/alberic/Documents/Cours/ramio_project/latex/Animation_8h.tex", "LaTeX", 2, 0, 0, 0, 0, 0, 0, 0, 2
"/home/alberic/Documents/Cours/ramio_project/latex/Audio_8cpp.tex", "LaTeX", 1, 0, 0, 0, 0, 0, 0, 0, 1
"/home/alberic/Documents/Cours/ramio_project/latex/Audio_8h.tex", "LaTeX", 2, 0, 0, 0, 0, 0, 0, 0, 2
"/home/alberic/Documents/Cours/ramio_project/latex/Bloc_8cpp.tex", "LaTeX", 1, 0, 0, 0, 0, 0, 0, 0, 1
"/home/alberic/Documents/Cours/ramio_project/latex/Bloc_8h.tex", "LaTeX", 3, 0, 0, 0, 0, 0, 0, 0, 3
"/home/alberic/Documents/Cours/ramio_project/latex/Ennemi_8cpp.tex", "LaTeX", 1, 0, 0, 0, 0, 0, 0, 0, 1
"/home/alberic/Documents/Cours/ramio_project/latex/Ennemi_8h.tex", "LaTeX", 1, 0, 0, 0, 0, 0, 0, 0, 1
"/home/alberic/Documents/Cours/ramio_project/latex/Entity_8cpp.tex", "LaTeX", 1, 0, 0, 0, 0, 0, 0, 0, 1
"/home/alberic/Documents/Cours/ramio_project/latex/Entity_8h.tex", "LaTeX", 1, 0, 0, 0, 0, 0, 0, 0, 1
"/home/alberic/Documents/Cours/ramio_project/latex/FinJeu_8cpp.tex", "LaTeX", 1, 0, 0, 0, 0, 0, 0, 0, 1
"/home/alberic/Documents/Cours/ramio_project/latex/FinJeu_8h.tex", "LaTeX", 2, 0, 0, 0, 0, 0, 0, 0, 2
"/home/alberic/Documents/Cours/ramio_project/latex/Level_8cpp.tex", "LaTeX", 1, 0, 0, 0, 0, 0, 0, 0, 1
"/home/alberic/Documents/Cours/ramio_project/latex/Level_8h.tex", "LaTeX", 1, 0, 0, 0, 0, 0, 0, 0, 1
"/home/alberic/Documents/Cours/ramio_project/latex/Menu_8cpp.tex", "LaTeX", 1, 0, 0, 0, 0, 0, 0, 0, 1
"/home/alberic/Documents/Cours/ramio_project/latex/Menu_8h.tex", "LaTeX", 2, 0, 0, 0, 0, 0, 0, 0, 2
"/home/alberic/Documents/Cours/ramio_project/latex/Player_8cpp.tex", "LaTeX", 1, 0, 0, 0, 0, 0, 0, 0, 1
"/home/alberic/Documents/Cours/ramio_project/latex/Player_8h.tex", "LaTeX", 1, 0, 0, 0, 0, 0, 0, 0, 1
"/home/alberic/Documents/Cours/ramio_project/latex/annotated.tex", "LaTeX", 22, 0, 0, 0, 0, 0, 0, 1, 23
"/home/alberic/Documents/Cours/ramio_project/latex/classAnimation.tex", "LaTeX", 7, 0, 0, 0, 0, 0, 0, 4, 11
"/home/alberic/Documents/Cours/ramio_project/latex/classAudioManager.tex", "LaTeX", -1, 0, 0, 0, 0, 0, 0, 4, 3
"/home/alberic/Documents/Cours/ramio_project/latex/classBloc.tex", "LaTeX", -4, 0, 0, 0, 0, 0, 0, 2, -2
"/home/alberic/Documents/Cours/ramio_project/latex/classBlocMystere.tex", "LaTeX", 7, 0, 0, 0, 0, 0, 0, 4, 11
"/home/alberic/Documents/Cours/ramio_project/latex/classBlocSol.tex", "LaTeX", 10, 0, 0, 0, 0, 0, 0, 4, 14
"/home/alberic/Documents/Cours/ramio_project/latex/classEau.tex", "LaTeX", 109, 0, 0, 0, 0, 0, 0, 55, 164
"/home/alberic/Documents/Cours/ramio_project/latex/classEnnemi.tex", "LaTeX", 8, 0, 0, 0, 0, 0, 0, 4, 12
"/home/alberic/Documents/Cours/ramio_project/latex/classEntity.tex", "LaTeX", 1, 0, 0, 0, 0, 0, 0, 0, 1
"/home/alberic/Documents/Cours/ramio_project/latex/classFinDeJeu.tex", "LaTeX", -5, 0, 0, 0, 0, 0, 0, 0, -5
"/home/alberic/Documents/Cours/ramio_project/latex/classGuili.tex", "LaTeX", 175, 0, 0, 0, 0, 0, 0, 65, 240
"/home/alberic/Documents/Cours/ramio_project/latex/classLevel.tex", "LaTeX", 14, 0, 0, 0, 0, 0, 0, 5, 19
"/home/alberic/Documents/Cours/ramio_project/latex/classMenu.tex", "LaTeX", -4, 0, 0, 0, 0, 0, 0, 4, 0
"/home/alberic/Documents/Cours/ramio_project/latex/classObjetInteractif.tex", "LaTeX", -1, 0, 0, 0, 0, 0, 0, 0, -1
"/home/alberic/Documents/Cours/ramio_project/latex/classPiece.tex", "LaTeX", -2, 0, 0, 0, 0, 0, 0, 0, -2
"/home/alberic/Documents/Cours/ramio_project/latex/classPlayer.tex", "LaTeX", 36, 0, 0, 0, 0, 0, 0, 20, 56
"/home/alberic/Documents/Cours/ramio_project/latex/classRamio.tex", "LaTeX", 88, 0, 0, 0, 0, 0, 0, 39, 127
"/home/alberic/Documents/Cours/ramio_project/latex/classTuyau.tex", "LaTeX", 8, 0, 0, 0, 0, 0, 0, 4, 12
"/home/alberic/Documents/Cours/ramio_project/latex/dir_d44c64559bbebec7f509842c48db8b23.tex", "LaTeX", 23, 0, 0, 0, 0, 0, 0, 1, 24
"/home/alberic/Documents/Cours/ramio_project/latex/doxygen.sty", "TeX", 0, 0, 452, 0, 0, 0, 63, 62, 577
"/home/alberic/Documents/Cours/ramio_project/latex/files.tex", "LaTeX", 23, 0, 0, 0, 0, 0, 0, 1, 24
"/home/alberic/Documents/Cours/ramio_project/latex/hierarchy.tex", "LaTeX", 30, 0, 0, 0, 0, 0, 0, 1, 31
"/home/alberic/Documents/Cours/ramio_project/latex/longtable_doxygen.sty", "TeX", 0, 0, 408, 0, 0, 0, 39, 2, 449
"/home/alberic/Documents/Cours/ramio_project/latex/main_8cpp.tex", "LaTeX", 1, 0, 0, 0, 0, 0, 0, 0, 1
"/home/alberic/Documents/Cours/ramio_project/latex/refman.tex", "LaTeX", 1, 0, 0, 0, 0, 0, 0, 0, 1
"/home/alberic/Documents/Cours/ramio_project/latex/tabu_doxygen.sty", "TeX", 0, 0, 2438, 0, 0, 0, 117, 3, 2558
"/home/alberic/Documents/Cours/ramio_project/latex/tests_8cpp.tex", "LaTeX", -3, 0, 0, 0, 0, 0, 0, 0, -3
"/home/alberic/Documents/Cours/ramio_project/src/Bloc.cpp", "C++", 0, 23, 0, 0, 0, 0, 17, 7, 47
"/home/alberic/Documents/Cours/ramio_project/src/Level.cpp", "C++", 0, 8, 0, 0, 0, 0, 0, 2, 10
"/home/alberic/Documents/Cours/ramio_project/src/Player.cpp", "C++", 0, 23, 0, 0, 0, 0, 4, 8, 35
"Total", "-", 567, 69, 3298, 14034, 1112, 1627, 1776, 1283, 23766